{"num_nodes": 400, "purity_medians": [1.0, 1.0, 1.0, 1.0, 1.0, 1.0, 1.0, 1.0, 1.0, 1.0, 1.0, 1.0, 1.0, 1.0, 1.0, 1.0, 1.0, 1.0, 1.0, 1.0, 1.0, 1.0, 1.0, 1.0, 1.0, 1.0, 1.0, 1.0, 1.0, 1.0, 1.0, 1.0, 1.0, 1.0, 1.0, 1.0, 1.0, 1.0, 1.0, 1.0, 1.0, 1.0, 1.0, 1.0, 0.99875, 1.0, 1.0, 0.99875, 0.99875, 0.9975, 0.99375, 0.99875, 0.9962500000000001, 0.9824999999999999, 0.9875, 0.98, 0.9724999999999999, 0.9724999999999999, 0.95, 0.935, 0.895, 0.8875, 0.87375, 0.6599999999999999, 0.765, 0.7025, 0.62125, 0.565, 0.58125, 0.6112500000000001, 0.5874999999999999, 0.6112500000000001, 0.565, 0.54, 0.61, 0.58875, 0.5525, 0.5575, 0.63875, 0.55875, 0.635, 0.53375, 0.62375, 0.555, 0.54375, 0.6, 0.525, 0.5662499999999999, 0.52875, 0.57125, 0.5662499999999999, 0.5525, 0.5700000000000001, 0.57875, 0.5375, 0.5475000000000001, 0.54, 0.615, 0.55125, 0.64125], "bhamidi_medians": [1.0, 1.0, 1.0, 1.0, 1.0, 1.0, 1.0, 1.0, 1.0, 1.0, 1.0, 1.0, 1.0, 1.0, 1.0, 1.0, 1.0, 1.0, 1.0, 1.0, 1.0, 1.0, 1.0, 1.0, 1.0, 1.0, 1.0, 1.0, 1.0, 1.0, 1.0, 1.0, 1.0, 1.0, 1.0, 1.0, 1.0, 1.0, 1.0, 1.0, 1.0, 1.0, 1.0, 1.0, 0.99750625, 1.0, 1.0, 0.99750625, 0.99750625, 0.995025, 0.98758125, 0.99750625, 0.99253125, 0.9659249999999999, 0.9753624999999999, 0.9608125000000001, 0.9465250000000001, 0.9465250000000001, 0.90505, 0.8792500000000001, 0.8130625, 0.8005125, 0.7797562499999999, 0.5788125, 0.6405000000000001, 0.5828125, 0.52933125, 0.5007625, 0.51278125, 0.51040625, 0.5004625, 0.50218125, 0.5003124999999999, 0.503125, 0.5003625, 0.50015625, 0.5005124999999999, 0.5008, 0.5059312499999999, 0.50198125, 0.5010625, 0.50010625, 0.50095625, 0.500425, 0.5009812499999999, 0.500725, 0.50005, 0.50220625, 0.50053125, 0.50018125, 0.50123125, 0.5002125, 0.5000625, 0.50093125, 0.5010125, 0.5013000000000001, 0.502425, 0.5006625, 0.50028125, 0.50090625], "purity_scores_plot": [[1.0, 1.0], [1.0, 1.0], [1.0, 1.0], [1.0, 1.0], [1.0, 1.0], [1.0, 1.0], [1.0, 1.0], [1.0, 1.0], [1.0, 1.0], [1.0, 1.0], [1.0, 1.0], [1.0, 1.0], [1.0, 1.0], [1.0, 1.0], [1.0, 1.0], [1.0, 1.0], [1.0, 1.0], [1.0, 1.0], [1.0, 1.0], [1.0, 1.0], [1.0, 1.0], [1.0, 1.0], [1.0, 1.0], [1.0, 1.0], [1.0, 1.0], [1.0, 1.0], [1.0, 1.0], [1.0, 1.0], [1.0, 1.0], [1.0, 1.0], [1.0, 1.0], [1.0, 1.0], [1.0, 1.0], [1.0, 1.0], [1.0, 1.0], [1.0, 1.0], [1.0, 1.0], [1.0, 1.0], [1.0, 1.0], [1.0, 1.0], [1.0, 1.0], [1.0, 1.0], [1.0, 1.0], [1.0, 1.0], [0.9975, 1.0], [1.0, 1.0], [1.0, 1.0], [0.9975, 1.0], [1.0, 0.9975], [0.995, 1.0], [0.995, 0.9925], [0.9975, 1.0], [0.995, 0.9975], [0.995, 0.97], [0.9825, 0.9925], [0.9825, 0.9775], [0.975, 0.97], [0.975, 0.97], [0.955, 0.945], [0.955, 0.915], [0.8725, 0.9175], [0.8975, 0.8775], [0.8875, 0.86], [0.5425, 0.7775], [0.76, 0.77], [0.6825, 0.7225], [0.6425, 0.6], [0.5825, 0.5475], [0.555, 0.6075], [0.6625, 0.56], [0.5275, 0.6475], [0.5475, 0.675], [0.5775, 0.5525], [0.525, 0.555], [0.5475, 0.6725], [0.5725, 0.605], [0.5525, 0.5525], [0.575, 0.54], [0.665, 0.6125], [0.5475, 0.57], [0.6525, 0.6175], [0.5575, 0.51], [0.6425, 0.605], [0.55, 0.56], [0.5725, 0.515], [0.63, 0.57], [0.54, 0.51], [0.5525, 0.58], [0.53, 0.5275], [0.6375, 0.505], [0.59, 0.5425], [0.5425, 0.5625], [0.5975, 0.5425], [0.525, 0.6325], [0.5325, 0.5425], [0.555, 0.54], [0.545, 0.535], [0.5975, 0.6325], [0.5425, 0.56], [0.615, 0.6675]], "bhamidi_scores_plot": [[1.0, 1.0], [1.0, 1.0], [1.0, 1.0], [1.0, 1.0], [1.0, 1.0], [1.0, 1.0], [1.0, 1.0], [1.0, 1.0], [1.0, 1.0], [1.0, 1.0], [1.0, 1.0], [1.0, 1.0], [1.0, 1.0], [1.0, 1.0], [1.0, 1.0], [1.0, 1.0], [1.0, 1.0], [1.0, 1.0], [1.0, 1.0], [1.0, 1.0], [1.0, 1.0], [1.0, 1.0], [1.0, 1.0], [1.0, 1.0], [1.0, 1.0], [1.0, 1.0], [1.0, 1.0], [1.0, 1.0], [1.0, 1.0], [1.0, 1.0], [1.0, 1.0], [1.0, 1.0], [1.0, 1.0], [1.0, 1.0], [1.0, 1.0], [1.0, 1.0], [1.0, 1.0], [1.0, 1.0], [1.0, 1.0], [1.0, 1.0], [1.0, 1.0], [1.0, 1.0], [1.0, 1.0], [1.0, 1.0], [0.9950125, 1.0], [1.0, 1.0], [1.0, 1.0], [0.9950125, 1.0], [1.0, 0.9950125], [0.99005, 1.0], [0.99005, 0.9851125], [0.9950125, 1.0], [0.99005, 0.9950125], [0.99005, 0.9418], [0.9656125, 0.9851125], [0.9656125, 0.9560125], [0.95125, 0.9418], [0.95125, 0.9418], [0.91405, 0.89605], [0.91405, 0.84445], [0.7775125, 0.8486125], [0.8160125, 0.7850125], [0.8003125, 0.7592], [0.5036125, 0.6540125], [0.6352, 0.6458], [0.5666125, 0.5990125], [0.5406125, 0.51805], [0.5000125, 0.5015125], [0.50245, 0.5231125], [0.5136125, 0.5072], [0.5006125, 0.5003125], [0.5003125, 0.50405], [0.5006125, 0.5000125], [0.5002, 0.50605], [0.5001125, 0.5006125], [0.5001125, 0.5002], [0.5000125, 0.5010125], [0.5008, 0.5008], [0.50405, 0.5078125], [0.5015125, 0.50245], [0.5015125, 0.5006125], [0.5000125, 0.5002], [0.5001125, 0.5018], [0.5008, 0.50005], [0.5015125, 0.50045], [0.5002, 0.50125], [0.50005, 0.50005], [0.5036125, 0.5008], [0.50045, 0.5006125], [0.5003125, 0.50005], [0.50245, 0.5000125], [0.5003125, 0.5001125], [0.5000125, 0.5001125], [0.50125, 0.5006125], [0.5010125, 0.5010125], [0.5018, 0.5008], [0.50405, 0.5008], [0.5003125, 0.5010125], [0.5001125, 0.50045], [0.5018, 0.5000125]], "q": 1.0, "iterations": 1, "n_classes": 2, "in_class_prob": 0.8, "p": 1.0, "walk_length": 100, "num_walks": 25, "out_class_probs": [0.01, 0.02, 0.03, 0.04, 0.05, 0.06, 0.07, 0.08, 0.09, 0.1, 0.11, 0.12, 0.13, 0.14, 0.15, 0.16, 0.17, 0.18, 0.19, 0.2, 0.21, 0.22, 0.23, 0.24, 0.25, 0.26, 0.27, 0.28, 0.29, 0.3, 0.31, 0.32, 0.33, 0.34, 0.35000000000000003, 0.36, 0.37, 0.38, 0.39, 0.4, 0.41000000000000003, 0.42, 0.43, 0.44, 0.45, 0.46, 0.47000000000000003, 0.48, 0.49, 0.5, 0.51, 0.52, 0.53, 0.54, 0.55, 0.56, 0.5700000000000001, 0.58, 0.59, 0.6, 0.61, 0.62, 0.63, 0.64, 0.65, 0.66, 0.67, 0.68, 0.6900000000000001, 0.7000000000000001, 0.71, 0.72, 0.73, 0.74, 0.75, 0.76, 0.77, 0.78, 0.79, 0.8, 0.81, 0.8200000000000001, 0.8300000000000001, 0.84, 0.85, 0.86, 0.87, 0.88, 0.89, 0.9, 0.91, 0.92, 0.93, 0.9400000000000001, 0.9500000000000001, 0.96, 0.97, 0.98, 0.99, 1.0]}