{"num_nodes": 400, "purity_medians": [1.0, 1.0, 1.0, 1.0, 1.0, 1.0, 1.0, 1.0, 1.0, 1.0, 1.0, 1.0, 1.0, 1.0, 1.0, 1.0, 1.0, 1.0, 1.0, 1.0, 1.0, 1.0, 1.0, 1.0, 1.0, 1.0, 1.0, 1.0, 1.0, 1.0, 1.0, 1.0, 1.0, 1.0, 1.0, 1.0, 1.0, 1.0, 1.0, 1.0, 1.0, 1.0, 1.0, 1.0, 1.0, 0.99875, 0.99875, 0.995, 0.9925, 0.99, 0.99375, 0.98375, 0.98125, 0.96, 0.94875, 0.9475, 0.9299999999999999, 0.92875, 0.8612500000000001, 0.80625, 0.7749999999999999, 0.6775, 0.6575, 0.63, 0.62375, 0.5800000000000001, 0.5549999999999999, 0.59375, 0.5487500000000001, 0.56125, 0.53375, 0.54375, 0.5625, 0.5475, 0.55, 0.6475, 0.57375, 0.60375, 0.5325, 0.57875, 0.53125, 0.58375, 0.575, 0.56, 0.53625, 0.53375, 0.58375, 0.5237499999999999, 0.545, 0.60375, 0.53125, 0.565, 0.56, 0.5237499999999999, 0.55, 0.56, 0.53625, 0.53375, 0.5237499999999999, 0.56], "bhamidi_medians": [1.0, 1.0, 1.0, 1.0, 1.0, 1.0, 1.0, 1.0, 1.0, 1.0, 1.0, 1.0, 1.0, 1.0, 1.0, 1.0, 1.0, 1.0, 1.0, 1.0, 1.0, 1.0, 1.0, 1.0, 1.0, 1.0, 1.0, 1.0, 1.0, 1.0, 1.0, 1.0, 1.0, 1.0, 1.0, 1.0, 1.0, 1.0, 1.0, 1.0, 1.0, 1.0, 1.0, 1.0, 1.0, 0.99750625, 0.99750625, 0.99005, 0.9851624999999999, 0.9802124999999999, 0.98760625, 0.9680562500000001, 0.96320625, 0.9234, 0.90275625, 0.9013125, 0.8701125000000001, 0.86773125, 0.76138125, 0.6876562500000001, 0.65625, 0.564025, 0.5528125, 0.5318625, 0.53875625, 0.5131125, 0.5000625, 0.5009812499999999, 0.5023562500000001, 0.50820625, 0.50018125, 0.50233125, 0.503125, 0.5053125, 0.500725, 0.50025, 0.50038125, 0.50163125, 0.50125, 0.50030625, 0.5004062499999999, 0.50408125, 0.50245, 0.5003124999999999, 0.5002562500000001, 0.50160625, 0.50140625, 0.50063125, 0.501, 0.50008125, 0.50010625, 0.5004625, 0.5021125, 0.50115625, 0.50545, 0.5007625, 0.5000312499999999, 0.50078125, 0.5004062499999999, 0.500425], "purity_scores_plot": [[1.0, 1.0], [1.0, 1.0], [1.0, 1.0], [1.0, 1.0], [1.0, 1.0], [1.0, 1.0], [1.0, 1.0], [1.0, 1.0], [1.0, 1.0], [1.0, 1.0], [1.0, 1.0], [1.0, 1.0], [1.0, 1.0], [1.0, 1.0], [1.0, 1.0], [1.0, 1.0], [1.0, 1.0], [1.0, 1.0], [1.0, 1.0], [1.0, 1.0], [1.0, 1.0], [1.0, 1.0], [1.0, 1.0], [1.0, 1.0], [1.0, 1.0], [1.0, 1.0], [1.0, 1.0], [1.0, 1.0], [1.0, 1.0], [1.0, 1.0], [1.0, 1.0], [1.0, 1.0], [1.0, 1.0], [1.0, 1.0], [1.0, 1.0], [1.0, 1.0], [1.0, 1.0], [1.0, 1.0], [1.0, 1.0], [1.0, 1.0], [1.0, 1.0], [1.0, 1.0], [1.0, 1.0], [1.0, 1.0], [1.0, 1.0], [1.0, 0.9975], [1.0, 0.9975], [0.995, 0.995], [0.9875, 0.9975], [0.9875, 0.9925], [0.9975, 0.99], [0.9875, 0.98], [0.98, 0.9825], [0.97, 0.95], [0.95, 0.9475], [0.9675, 0.9275], [0.9425, 0.9175], [0.9225, 0.935], [0.875, 0.8475], [0.8125, 0.8], [0.725, 0.825], [0.7, 0.655], [0.6175, 0.6975], [0.6425, 0.6175], [0.56, 0.6875], [0.5675, 0.5925], [0.6025, 0.5075], [0.58, 0.6075], [0.5575, 0.54], [0.58, 0.5425], [0.5625, 0.505], [0.555, 0.5325], [0.575, 0.55], [0.5275, 0.5675], [0.525, 0.575], [0.675, 0.62], [0.56, 0.5875], [0.5875, 0.62], [0.52, 0.545], [0.64, 0.5175], [0.545, 0.5175], [0.5675, 0.6], [0.605, 0.545], [0.5975, 0.5225], [0.5125, 0.56], [0.54, 0.5275], [0.6075, 0.56], [0.525, 0.5225], [0.555, 0.535], [0.5875, 0.62], [0.555, 0.5075], [0.5425, 0.5875], [0.6025, 0.5175], [0.52, 0.5275], [0.565, 0.535], [0.5725, 0.5475], [0.55, 0.5225], [0.525, 0.5425], [0.5275, 0.52], [0.575, 0.545]], "bhamidi_scores_plot": [[1.0, 1.0], [1.0, 1.0], [1.0, 1.0], [1.0, 1.0], [1.0, 1.0], [1.0, 1.0], [1.0, 1.0], [1.0, 1.0], [1.0, 1.0], [1.0, 1.0], [1.0, 1.0], [1.0, 1.0], [1.0, 1.0], [1.0, 1.0], [1.0, 1.0], [1.0, 1.0], [1.0, 1.0], [1.0, 1.0], [1.0, 1.0], [1.0, 1.0], [1.0, 1.0], [1.0, 1.0], [1.0, 1.0], [1.0, 1.0], [1.0, 1.0], [1.0, 1.0], [1.0, 1.0], [1.0, 1.0], [1.0, 1.0], [1.0, 1.0], [1.0, 1.0], [1.0, 1.0], [1.0, 1.0], [1.0, 1.0], [1.0, 1.0], [1.0, 1.0], [1.0, 1.0], [1.0, 1.0], [1.0, 1.0], [1.0, 1.0], [1.0, 1.0], [1.0, 1.0], [1.0, 1.0], [1.0, 1.0], [1.0, 1.0], [1.0, 0.9950125], [1.0, 0.9950125], [0.99005, 0.99005], [0.9753125, 0.9950125], [0.9753125, 0.9851125], [0.9950125, 0.9802], [0.9753125, 0.9608], [0.9608, 0.9656125], [0.9418, 0.905], [0.905, 0.9005125], [0.9371125, 0.8655125], [0.8916125, 0.8486125], [0.8570125, 0.87845], [0.78125, 0.7415125], [0.6953125, 0.68], [0.60125, 0.71125], [0.58, 0.54805], [0.5276125, 0.5780125], [0.5406125, 0.5231125], [0.5072, 0.5703125], [0.5091125, 0.5171125], [0.5000125, 0.5001125], [0.50045, 0.5015125], [0.5015125, 0.5032], [0.5128, 0.5036125], [0.5003125, 0.50005], [0.50405, 0.5006125], [0.50125, 0.505], [0.5015125, 0.5091125], [0.50125, 0.5002], [0.50045, 0.50005], [0.50045, 0.5003125], [0.5028125, 0.50045], [0.50005, 0.50245], [0.5, 0.5006125], [0.5002, 0.5006125], [0.5021125, 0.50605], [0.50245, 0.50245], [0.5000125, 0.5006125], [0.5003125, 0.5002], [0.5032, 0.5000125], [0.5010125, 0.5018], [0.50125, 0.5000125], [0.5002, 0.5018], [0.5001125, 0.50005], [0.5002, 0.5000125], [0.5003125, 0.5006125], [0.5036125, 0.5006125], [0.5008, 0.5015125], [0.50845, 0.50245], [0.5000125, 0.5015125], [0.50005, 0.5000125], [0.50005, 0.5015125], [0.5000125, 0.5008], [0.50005, 0.5008]], "q": 1.0, "iterations": 1, "n_classes": 2, "in_class_prob": 0.8, "p": 1.0, "walk_length": 50, "num_walks": 25, "out_class_probs": [0.01, 0.02, 0.03, 0.04, 0.05, 0.06, 0.07, 0.08, 0.09, 0.1, 0.11, 0.12, 0.13, 0.14, 0.15, 0.16, 0.17, 0.18, 0.19, 0.2, 0.21, 0.22, 0.23, 0.24, 0.25, 0.26, 0.27, 0.28, 0.29, 0.3, 0.31, 0.32, 0.33, 0.34, 0.35000000000000003, 0.36, 0.37, 0.38, 0.39, 0.4, 0.41000000000000003, 0.42, 0.43, 0.44, 0.45, 0.46, 0.47000000000000003, 0.48, 0.49, 0.5, 0.51, 0.52, 0.53, 0.54, 0.55, 0.56, 0.5700000000000001, 0.58, 0.59, 0.6, 0.61, 0.62, 0.63, 0.64, 0.65, 0.66, 0.67, 0.68, 0.6900000000000001, 0.7000000000000001, 0.71, 0.72, 0.73, 0.74, 0.75, 0.76, 0.77, 0.78, 0.79, 0.8, 0.81, 0.8200000000000001, 0.8300000000000001, 0.84, 0.85, 0.86, 0.87, 0.88, 0.89, 0.9, 0.91, 0.92, 0.93, 0.9400000000000001, 0.9500000000000001, 0.96, 0.97, 0.98, 0.99, 1.0]}