{"num_nodes": 400, "purity_medians": [1.0, 1.0, 1.0, 1.0, 1.0, 1.0, 1.0, 1.0, 1.0, 1.0, 1.0, 1.0, 1.0, 1.0, 1.0, 1.0, 1.0, 1.0, 1.0, 1.0, 1.0, 1.0, 1.0, 1.0, 1.0, 1.0, 1.0, 1.0, 1.0, 1.0, 1.0, 1.0, 1.0, 1.0, 1.0, 1.0, 1.0, 0.99875, 0.9962500000000001, 0.9962500000000001, 1.0, 1.0, 0.99, 0.9925, 0.9862500000000001, 0.9862500000000001, 0.98125, 0.9775, 0.96875, 0.9575, 0.9512499999999999, 0.9437500000000001, 0.9337500000000001, 0.9299999999999999, 0.845, 0.84375, 0.8374999999999999, 0.67875, 0.74375, 0.7362500000000001, 0.6637500000000001, 0.6000000000000001, 0.58375, 0.55375, 0.57875, 0.555, 0.5375, 0.57875, 0.5175000000000001, 0.53625, 0.54875, 0.54, 0.55125, 0.5425, 0.5375, 0.5237499999999999, 0.53125, 0.54625, 0.51125, 0.5375000000000001, 0.54, 0.52125, 0.54, 0.55125, 0.55125, 0.5275, 0.575, 0.5225, 0.5387500000000001, 0.53125, 0.56625, 0.5425, 0.5325, 0.5425, 0.525, 0.545, 0.53125, 0.5562499999999999, 0.5237499999999999, 0.5249999999999999], "bhamidi_medians": [1.0, 1.0, 1.0, 1.0, 1.0, 1.0, 1.0, 1.0, 1.0, 1.0, 1.0, 1.0, 1.0, 1.0, 1.0, 1.0, 1.0, 1.0, 1.0, 1.0, 1.0, 1.0, 1.0, 1.0, 1.0, 1.0, 1.0, 1.0, 1.0, 1.0, 1.0, 1.0, 1.0, 1.0, 1.0, 1.0, 1.0, 0.99750625, 0.99255625, 0.99253125, 1.0, 1.0, 0.9802, 0.9851125, 0.97295625, 0.97288125, 0.96320625, 0.956125, 0.9405812499999999, 0.9186624999999999, 0.90733125, 0.8942062500000001, 0.8762812499999999, 0.8698125, 0.7381, 0.73828125, 0.728425, 0.57965625, 0.6188312499999999, 0.61170625, 0.55365625, 0.530625, 0.51515625, 0.5060312499999999, 0.51503125, 0.50605, 0.5021625000000001, 0.51240625, 0.50065, 0.50180625, 0.5009812499999999, 0.50325, 0.50085625, 0.503725, 0.5008125, 0.5004062499999999, 0.50173125, 0.5030812499999999, 0.5002562500000001, 0.501125, 0.5004625, 0.50038125, 0.502725, 0.50183125, 0.50085625, 0.5003125, 0.5020249999999999, 0.501125, 0.50038125, 0.50055625, 0.50018125, 0.5042249999999999, 0.500625, 0.5013000000000001, 0.5005, 0.5018499999999999, 0.50045625, 0.5020312499999999, 0.50063125, 0.5005124999999999], "purity_scores_plot": [[1.0, 1.0], [1.0, 1.0], [1.0, 1.0], [1.0, 1.0], [1.0, 1.0], [1.0, 1.0], [1.0, 1.0], [1.0, 1.0], [1.0, 1.0], [1.0, 1.0], [1.0, 1.0], [1.0, 1.0], [1.0, 1.0], [1.0, 1.0], [1.0, 1.0], [1.0, 1.0], [1.0, 1.0], [1.0, 1.0], [1.0, 1.0], [1.0, 1.0], [1.0, 1.0], [1.0, 1.0], [1.0, 1.0], [1.0, 1.0], [1.0, 1.0], [1.0, 1.0], [1.0, 1.0], [1.0, 1.0], [1.0, 1.0], [1.0, 1.0], [1.0, 1.0], [1.0, 1.0], [1.0, 1.0], [1.0, 1.0], [1.0, 1.0], [1.0, 1.0], [1.0, 1.0], [0.9975, 1.0], [1.0, 0.9925], [0.9975, 0.995], [1.0, 1.0], [1.0, 1.0], [0.99, 0.99], [0.9925, 0.9925], [0.9925, 0.98], [0.9875, 0.985], [0.98, 0.9825], [0.985, 0.97], [0.9925, 0.945], [0.9625, 0.9525], [0.9575, 0.945], [0.93, 0.9575], [0.935, 0.9325], [0.9275, 0.9325], [0.84, 0.85], [0.875, 0.8125], [0.855, 0.82], [0.7675, 0.59], [0.745, 0.7425], [0.7425, 0.73], [0.6675, 0.66], [0.675, 0.525], [0.56, 0.6075], [0.5425, 0.565], [0.5425, 0.615], [0.555, 0.555], [0.5375, 0.5375], [0.5775, 0.58], [0.51, 0.525], [0.5425, 0.53], [0.5275, 0.57], [0.545, 0.535], [0.545, 0.5575], [0.55, 0.535], [0.5275, 0.5475], [0.5175, 0.53], [0.54, 0.5225], [0.5375, 0.555], [0.51, 0.5125], [0.545, 0.53], [0.5625, 0.5175], [0.53, 0.5125], [0.55, 0.53], [0.5425, 0.56], [0.575, 0.5275], [0.5375, 0.5175], [0.545, 0.605], [0.515, 0.53], [0.5525, 0.525], [0.5125, 0.55], [0.545, 0.5875], [0.525, 0.56], [0.53, 0.535], [0.56, 0.525], [0.52, 0.53], [0.555, 0.535], [0.5425, 0.52], [0.57, 0.5425], [0.53, 0.5175], [0.5225, 0.5275]], "bhamidi_scores_plot": [[1.0, 1.0], [1.0, 1.0], [1.0, 1.0], [1.0, 1.0], [1.0, 1.0], [1.0, 1.0], [1.0, 1.0], [1.0, 1.0], [1.0, 1.0], [1.0, 1.0], [1.0, 1.0], [1.0, 1.0], [1.0, 1.0], [1.0, 1.0], [1.0, 1.0], [1.0, 1.0], [1.0, 1.0], [1.0, 1.0], [1.0, 1.0], [1.0, 1.0], [1.0, 1.0], [1.0, 1.0], [1.0, 1.0], [1.0, 1.0], [1.0, 1.0], [1.0, 1.0], [1.0, 1.0], [1.0, 1.0], [1.0, 1.0], [1.0, 1.0], [1.0, 1.0], [1.0, 1.0], [1.0, 1.0], [1.0, 1.0], [1.0, 1.0], [1.0, 1.0], [1.0, 1.0], [0.9950125, 1.0], [1.0, 0.9851125], [0.9950125, 0.99005], [1.0, 1.0], [1.0, 1.0], [0.9802, 0.9802], [0.9851125, 0.9851125], [0.9851125, 0.9608], [0.9753125, 0.97045], [0.9608, 0.9656125], [0.97045, 0.9418], [0.9851125, 0.89605], [0.9278125, 0.9095125], [0.9186125, 0.89605], [0.8698, 0.9186125], [0.87845, 0.8741125], [0.8655125, 0.8741125], [0.7312, 0.745], [0.78125, 0.6953125], [0.75205, 0.7048], [0.6431125, 0.5162], [0.62005, 0.6176125], [0.6176125, 0.6058], [0.5561125, 0.5512], [0.56125, 0.5], [0.5072, 0.5231125], [0.5036125, 0.50845], [0.5036125, 0.52645], [0.50605, 0.50605], [0.5028125, 0.5015125], [0.5120125, 0.5128], [0.50005, 0.50125], [0.5036125, 0.5], [0.5015125, 0.50045], [0.50405, 0.50245], [0.5002, 0.5015125], [0.505, 0.50245], [0.5015125, 0.5001125], [0.5006125, 0.5002], [0.50245, 0.5010125], [0.5001125, 0.50605], [0.5002, 0.5003125], [0.50045, 0.5018], [0.5003125, 0.5006125], [0.50045, 0.5003125], [0.505, 0.50045], [0.5036125, 0.50005], [0.5002, 0.5015125], [0.5003125, 0.5003125], [0.50405, 0.5], [0.50045, 0.5018], [0.5003125, 0.50045], [0.5003125, 0.5008], [0.50005, 0.5003125], [0.50125, 0.5072], [0.5008, 0.50045], [0.5018, 0.5008], [0.5008, 0.5002], [0.50125, 0.50245], [0.5001125, 0.5008], [0.50125, 0.5028125], [0.50125, 0.5000125], [0.5010125, 0.5000125]], "q": 1.0, "iterations": 1, "n_classes": 2, "in_class_prob": 0.8, "p": 1.0, "walk_length": 25, "num_walks": 25, "out_class_probs": [0.01, 0.02, 0.03, 0.04, 0.05, 0.06, 0.07, 0.08, 0.09, 0.1, 0.11, 0.12, 0.13, 0.14, 0.15, 0.16, 0.17, 0.18, 0.19, 0.2, 0.21, 0.22, 0.23, 0.24, 0.25, 0.26, 0.27, 0.28, 0.29, 0.3, 0.31, 0.32, 0.33, 0.34, 0.35000000000000003, 0.36, 0.37, 0.38, 0.39, 0.4, 0.41000000000000003, 0.42, 0.43, 0.44, 0.45, 0.46, 0.47000000000000003, 0.48, 0.49, 0.5, 0.51, 0.52, 0.53, 0.54, 0.55, 0.56, 0.5700000000000001, 0.58, 0.59, 0.6, 0.61, 0.62, 0.63, 0.64, 0.65, 0.66, 0.67, 0.68, 0.6900000000000001, 0.7000000000000001, 0.71, 0.72, 0.73, 0.74, 0.75, 0.76, 0.77, 0.78, 0.79, 0.8, 0.81, 0.8200000000000001, 0.8300000000000001, 0.84, 0.85, 0.86, 0.87, 0.88, 0.89, 0.9, 0.91, 0.92, 0.93, 0.9400000000000001, 0.9500000000000001, 0.96, 0.97, 0.98, 0.99, 1.0]}