{"num_nodes": 400, "purity_medians": [1.0, 1.0, 1.0, 1.0, 1.0, 1.0, 1.0, 1.0, 1.0, 1.0, 1.0, 1.0, 1.0, 1.0, 1.0, 1.0, 1.0, 1.0, 1.0, 1.0, 1.0, 1.0, 1.0, 1.0, 1.0, 1.0, 1.0, 1.0, 1.0, 1.0, 1.0, 1.0, 1.0, 1.0, 1.0, 1.0, 1.0, 1.0, 1.0, 1.0, 1.0, 1.0, 1.0, 1.0, 1.0, 1.0, 1.0, 0.99875, 0.99875, 0.99875, 1.0, 0.9975, 0.9962500000000001, 0.9924999999999999, 0.99, 0.9862500000000001, 0.98875, 0.985, 0.97, 0.95375, 0.93125, 0.8999999999999999, 0.86625, 0.77125, 0.72, 0.66875, 0.565, 0.59, 0.635, 0.6487499999999999, 0.63375, 0.54, 0.5875, 0.6487499999999999, 0.5375, 0.5475, 0.60125, 0.57125, 0.55, 0.6637500000000001, 0.5425, 0.5687500000000001, 0.6012500000000001, 0.53375, 0.53625, 0.56, 0.54125, 0.615, 0.585, 0.565, 0.55, 0.605, 0.5725, 0.57125, 0.5725, 0.59, 0.5425, 0.5900000000000001, 0.5975, 0.5825], "bhamidi_medians": [1.0, 1.0, 1.0, 1.0, 1.0, 1.0, 1.0, 1.0, 1.0, 1.0, 1.0, 1.0, 1.0, 1.0, 1.0, 1.0, 1.0, 1.0, 1.0, 1.0, 1.0, 1.0, 1.0, 1.0, 1.0, 1.0, 1.0, 1.0, 1.0, 1.0, 1.0, 1.0, 1.0, 1.0, 1.0, 1.0, 1.0, 1.0, 1.0, 1.0, 1.0, 1.0, 1.0, 1.0, 1.0, 1.0, 1.0, 0.99750625, 0.99750625, 0.99750625, 1.0, 0.9950125, 0.99253125, 0.985125, 0.9802124999999999, 0.97288125, 0.97778125, 0.97045, 0.9418500000000001, 0.91185625, 0.8719812499999999, 0.8231999999999999, 0.76853125, 0.64805625, 0.5975999999999999, 0.56935625, 0.50685, 0.5190125000000001, 0.51105, 0.50008125, 0.50123125, 0.5027625, 0.505825, 0.50078125, 0.5025625, 0.5014624999999999, 0.5004062499999999, 0.5012812499999999, 0.5005625, 0.5004062499999999, 0.5013000000000001, 0.50160625, 0.50063125, 0.50090625, 0.50115625, 0.5004625, 0.50300625, 0.501225, 0.5044124999999999, 0.5003124999999999, 0.50265, 0.50025, 0.5021249999999999, 0.50008125, 0.5005124999999999, 0.507825, 0.500725, 0.5004625, 0.50205, 0.5005625], "purity_scores_plot": [[1.0, 1.0], [1.0, 1.0], [1.0, 1.0], [1.0, 1.0], [1.0, 1.0], [1.0, 1.0], [1.0, 1.0], [1.0, 1.0], [1.0, 1.0], [1.0, 1.0], [1.0, 1.0], [1.0, 1.0], [1.0, 1.0], [1.0, 1.0], [1.0, 1.0], [1.0, 1.0], [1.0, 1.0], [1.0, 1.0], [1.0, 1.0], [1.0, 1.0], [1.0, 1.0], [1.0, 1.0], [1.0, 1.0], [1.0, 1.0], [1.0, 1.0], [1.0, 1.0], [1.0, 1.0], [1.0, 1.0], [1.0, 1.0], [1.0, 1.0], [1.0, 1.0], [1.0, 1.0], [1.0, 1.0], [1.0, 1.0], [1.0, 1.0], [1.0, 1.0], [1.0, 1.0], [1.0, 1.0], [1.0, 1.0], [1.0, 1.0], [1.0, 1.0], [1.0, 1.0], [1.0, 1.0], [1.0, 1.0], [1.0, 1.0], [1.0, 1.0], [1.0, 1.0], [1.0, 0.9975], [1.0, 0.9975], [1.0, 0.9975], [1.0, 1.0], [0.9975, 0.9975], [0.995, 0.9975], [0.995, 0.99], [0.9875, 0.9925], [0.985, 0.9875], [0.985, 0.9925], [0.985, 0.985], [0.975, 0.965], [0.9475, 0.96], [0.935, 0.9275], [0.86, 0.94], [0.8775, 0.855], [0.75, 0.7925], [0.74, 0.7], [0.7475, 0.59], [0.575, 0.555], [0.5525, 0.6275], [0.605, 0.665], [0.6725, 0.625], [0.535, 0.7325], [0.5275, 0.5525], [0.555, 0.62], [0.62, 0.6775], [0.5475, 0.5275], [0.5275, 0.5675], [0.6325, 0.57], [0.5775, 0.565], [0.5075, 0.5925], [0.64, 0.6875], [0.55, 0.535], [0.555, 0.5825], [0.6675, 0.535], [0.5275, 0.54], [0.5475, 0.525], [0.5275, 0.5925], [0.5375, 0.545], [0.695, 0.535], [0.6225, 0.5475], [0.5725, 0.5575], [0.575, 0.525], [0.575, 0.635], [0.6, 0.545], [0.5075, 0.635], [0.5425, 0.6025], [0.565, 0.615], [0.575, 0.51], [0.5775, 0.6025], [0.52, 0.675], [0.5225, 0.6425]], "bhamidi_scores_plot": [[1.0, 1.0], [1.0, 1.0], [1.0, 1.0], [1.0, 1.0], [1.0, 1.0], [1.0, 1.0], [1.0, 1.0], [1.0, 1.0], [1.0, 1.0], [1.0, 1.0], [1.0, 1.0], [1.0, 1.0], [1.0, 1.0], [1.0, 1.0], [1.0, 1.0], [1.0, 1.0], [1.0, 1.0], [1.0, 1.0], [1.0, 1.0], [1.0, 1.0], [1.0, 1.0], [1.0, 1.0], [1.0, 1.0], [1.0, 1.0], [1.0, 1.0], [1.0, 1.0], [1.0, 1.0], [1.0, 1.0], [1.0, 1.0], [1.0, 1.0], [1.0, 1.0], [1.0, 1.0], [1.0, 1.0], [1.0, 1.0], [1.0, 1.0], [1.0, 1.0], [1.0, 1.0], [1.0, 1.0], [1.0, 1.0], [1.0, 1.0], [1.0, 1.0], [1.0, 1.0], [1.0, 1.0], [1.0, 1.0], [1.0, 1.0], [1.0, 1.0], [1.0, 1.0], [1.0, 0.9950125], [1.0, 0.9950125], [1.0, 0.9950125], [1.0, 1.0], [0.9950125, 0.9950125], [0.99005, 0.9950125], [0.99005, 0.9802], [0.9753125, 0.9851125], [0.97045, 0.9753125], [0.97045, 0.9851125], [0.97045, 0.97045], [0.95125, 0.93245], [0.9005125, 0.9232], [0.87845, 0.8655125], [0.7592, 0.8872], [0.7850125, 0.75205], [0.625, 0.6711125], [0.6152, 0.58], [0.6225125, 0.5162], [0.51125, 0.50245], [0.5055125, 0.5325125], [0.52205, 0.50005], [0.5001125, 0.50005], [0.50245, 0.5000125], [0.5000125, 0.5055125], [0.5032, 0.50845], [0.50125, 0.5003125], [0.5045125, 0.5006125], [0.5001125, 0.5028125], [0.5006125, 0.5002], [0.5001125, 0.50245], [0.5001125, 0.5010125], [0.5008, 0.5000125], [0.5008, 0.5018], [0.5032, 0.5000125], [0.5000125, 0.50125], [0.5000125, 0.5018], [0.5015125, 0.5008], [0.5003125, 0.5006125], [0.5028125, 0.5032], [0.50245, 0.5], [0.5078125, 0.5010125], [0.5006125, 0.5000125], [0.50405, 0.50125], [0.50045, 0.50005], [0.5002, 0.50405], [0.5001125, 0.50005], [0.5000125, 0.5010125], [0.50845, 0.5072], [0.50125, 0.5002], [0.5003125, 0.5006125], [0.50005, 0.50405], [0.5010125, 0.5001125]], "q": 1.0, "iterations": 1, "n_classes": 2, "in_class_prob": 0.8, "p": 1.0, "walk_length": 125, "num_walks": 25, "out_class_probs": [0.01, 0.02, 0.03, 0.04, 0.05, 0.06, 0.07, 0.08, 0.09, 0.1, 0.11, 0.12, 0.13, 0.14, 0.15, 0.16, 0.17, 0.18, 0.19, 0.2, 0.21, 0.22, 0.23, 0.24, 0.25, 0.26, 0.27, 0.28, 0.29, 0.3, 0.31, 0.32, 0.33, 0.34, 0.35000000000000003, 0.36, 0.37, 0.38, 0.39, 0.4, 0.41000000000000003, 0.42, 0.43, 0.44, 0.45, 0.46, 0.47000000000000003, 0.48, 0.49, 0.5, 0.51, 0.52, 0.53, 0.54, 0.55, 0.56, 0.5700000000000001, 0.58, 0.59, 0.6, 0.61, 0.62, 0.63, 0.64, 0.65, 0.66, 0.67, 0.68, 0.6900000000000001, 0.7000000000000001, 0.71, 0.72, 0.73, 0.74, 0.75, 0.76, 0.77, 0.78, 0.79, 0.8, 0.81, 0.8200000000000001, 0.8300000000000001, 0.84, 0.85, 0.86, 0.87, 0.88, 0.89, 0.9, 0.91, 0.92, 0.93, 0.9400000000000001, 0.9500000000000001, 0.96, 0.97, 0.98, 0.99, 1.0]}