{"out_class_probs": [0.01, 0.02, 0.03, 0.04, 0.05, 0.06, 0.07, 0.08, 0.09, 0.1, 0.11, 0.12, 0.13, 0.14, 0.15, 0.16, 0.17, 0.18, 0.19, 0.2, 0.21, 0.22, 0.23, 0.24, 0.25, 0.26, 0.27, 0.28, 0.29, 0.3, 0.31, 0.32, 0.33, 0.34, 0.35000000000000003, 0.36, 0.37, 0.38, 0.39, 0.4, 0.41000000000000003, 0.42, 0.43, 0.44, 0.45, 0.46, 0.47000000000000003, 0.48, 0.49, 0.5, 0.51, 0.52, 0.53, 0.54, 0.55, 0.56, 0.5700000000000001, 0.58, 0.59, 0.6, 0.61, 0.62, 0.63, 0.64, 0.65, 0.66, 0.67, 0.68, 0.6900000000000001, 0.7000000000000001, 0.71, 0.72, 0.73, 0.74, 0.75, 0.76, 0.77, 0.78, 0.79, 0.8, 0.81, 0.8200000000000001, 0.8300000000000001, 0.84, 0.85, 0.86, 0.87, 0.88, 0.89, 0.9, 0.91, 0.92, 0.93, 0.9400000000000001, 0.9500000000000001, 0.96, 0.97, 0.98, 0.99, 1.0], "num_nodes": 400, "walk_length": 75, "in_class_prob": 0.8, "p": 1.0, "iterations": 1, "n_classes": 2, "bhamidi_scores_plot": [[1.0, 1.0], [1.0, 1.0], [1.0, 1.0], [1.0, 1.0], [1.0, 1.0], [1.0, 1.0], [1.0, 1.0], [1.0, 1.0], [1.0, 1.0], [1.0, 1.0], [1.0, 1.0], [1.0, 1.0], [1.0, 1.0], [1.0, 1.0], [1.0, 1.0], [1.0, 1.0], [1.0, 1.0], [1.0, 1.0], [1.0, 1.0], [1.0, 1.0], [1.0, 1.0], [1.0, 1.0], [1.0, 1.0], [1.0, 1.0], [1.0, 1.0], [1.0, 1.0], [1.0, 1.0], [1.0, 1.0], [1.0, 1.0], [1.0, 1.0], [1.0, 1.0], [1.0, 1.0], [1.0, 1.0], [1.0, 1.0], [1.0, 1.0], [1.0, 1.0], [1.0, 1.0], [1.0, 1.0], [1.0, 1.0], [1.0, 1.0], [1.0, 1.0], [1.0, 1.0], [1.0, 1.0], [1.0, 1.0], [1.0, 1.0], [0.9950125, 1.0], [0.9950125, 1.0], [1.0, 1.0], [1.0, 0.9950125], [0.9950125, 1.0], [0.9950125, 0.9851125], [0.99005, 0.9753125], [0.9560125, 0.9802], [0.9851125, 0.9608], [0.9465125, 0.9753125], [0.9560125, 0.9560125], [0.89605, 0.9095125], [0.8698, 0.8741125], [0.89605, 0.8828125], [0.8528, 0.79645], [0.6830125, 0.82], [0.59245, 0.7211125], [0.6176125, 0.5903125], [0.6275125, 0.5703125], [0.5120125, 0.5105125], [0.5242, 0.56125], [0.5000125, 0.5018], [0.5003125, 0.51125], [0.5008, 0.5018], [0.5120125, 0.5028125], [0.5036125, 0.5006125], [0.5010125, 0.50005], [0.5010125, 0.50045], [0.5001125, 0.5000125], [0.50045, 0.5001125], [0.5028125, 0.5032], [0.5098, 0.50005], [0.50005, 0.5002], [0.5105125, 0.5001125], [0.5015125, 0.5015125], [0.5006125, 0.5015125], [0.50005, 0.5045125], [0.5, 0.50005], [0.5000125, 0.5021125], [0.5003125, 0.5008], [0.50245, 0.5006125], [0.50005, 0.50405], [0.50245, 0.5010125], [0.50045, 0.5001125], [0.5000125, 0.5002], [0.5015125, 0.5006125], [0.50045, 0.5000125], [0.5032, 0.5018], [0.5006125, 0.50005], [0.50125, 0.5010125], [0.5018, 0.5000125], [0.5036125, 0.5010125], [0.50125, 0.5055125], [0.50045, 0.50045], [0.5045125, 0.50045]], "num_walks": 25, "purity_medians": [1.0, 1.0, 1.0, 1.0, 1.0, 1.0, 1.0, 1.0, 1.0, 1.0, 1.0, 1.0, 1.0, 1.0, 1.0, 1.0, 1.0, 1.0, 1.0, 1.0, 1.0, 1.0, 1.0, 1.0, 1.0, 1.0, 1.0, 1.0, 1.0, 1.0, 1.0, 1.0, 1.0, 1.0, 1.0, 1.0, 1.0, 1.0, 1.0, 1.0, 1.0, 1.0, 1.0, 1.0, 1.0, 0.99875, 0.99875, 1.0, 0.99875, 0.99875, 0.9950000000000001, 0.99125, 0.98375, 0.9862500000000001, 0.98, 0.9775, 0.94875, 0.93125, 0.9412499999999999, 0.9025000000000001, 0.8512500000000001, 0.7737499999999999, 0.7275, 0.72, 0.5925, 0.6425000000000001, 0.52875, 0.54375, 0.5375000000000001, 0.56, 0.6125, 0.58125, 0.51875, 0.5700000000000001, 0.61875, 0.5687500000000001, 0.63, 0.55, 0.5425, 0.5725, 0.5349999999999999, 0.55625, 0.585, 0.5175, 0.5762499999999999, 0.57875, 0.5425, 0.6212500000000001, 0.54125, 0.52625, 0.5425, 0.5662499999999999, 0.56, 0.66875, 0.6012500000000001, 0.5487500000000001, 0.5700000000000001, 0.59375, 0.595, 0.62625], "bhamidi_medians": [1.0, 1.0, 1.0, 1.0, 1.0, 1.0, 1.0, 1.0, 1.0, 1.0, 1.0, 1.0, 1.0, 1.0, 1.0, 1.0, 1.0, 1.0, 1.0, 1.0, 1.0, 1.0, 1.0, 1.0, 1.0, 1.0, 1.0, 1.0, 1.0, 1.0, 1.0, 1.0, 1.0, 1.0, 1.0, 1.0, 1.0, 1.0, 1.0, 1.0, 1.0, 1.0, 1.0, 1.0, 1.0, 0.99750625, 0.99750625, 1.0, 0.99750625, 0.99750625, 0.9900625, 0.98268125, 0.96810625, 0.97295625, 0.9609125000000001, 0.9560125, 0.90278125, 0.87195625, 0.88943125, 0.8246249999999999, 0.75150625, 0.6567812500000001, 0.6039625, 0.5989125, 0.5112625, 0.542725, 0.50090625, 0.5057812500000001, 0.5013000000000001, 0.5074125, 0.5021125, 0.50053125, 0.50073125, 0.5000625, 0.50028125, 0.50300625, 0.5049250000000001, 0.5001249999999999, 0.5053125, 0.5015125, 0.5010625, 0.50228125, 0.5000249999999999, 0.5010625, 0.50055625, 0.50153125, 0.50205, 0.50173125, 0.50028125, 0.50010625, 0.5010625, 0.5002312499999999, 0.5025, 0.50033125, 0.50113125, 0.50090625, 0.5023124999999999, 0.50338125, 0.50045, 0.50248125], "purity_scores_plot": [[1.0, 1.0], [1.0, 1.0], [1.0, 1.0], [1.0, 1.0], [1.0, 1.0], [1.0, 1.0], [1.0, 1.0], [1.0, 1.0], [1.0, 1.0], [1.0, 1.0], [1.0, 1.0], [1.0, 1.0], [1.0, 1.0], [1.0, 1.0], [1.0, 1.0], [1.0, 1.0], [1.0, 1.0], [1.0, 1.0], [1.0, 1.0], [1.0, 1.0], [1.0, 1.0], [1.0, 1.0], [1.0, 1.0], [1.0, 1.0], [1.0, 1.0], [1.0, 1.0], [1.0, 1.0], [1.0, 1.0], [1.0, 1.0], [1.0, 1.0], [1.0, 1.0], [1.0, 1.0], [1.0, 1.0], [1.0, 1.0], [1.0, 1.0], [1.0, 1.0], [1.0, 1.0], [1.0, 1.0], [1.0, 1.0], [1.0, 1.0], [1.0, 1.0], [1.0, 1.0], [1.0, 1.0], [1.0, 1.0], [1.0, 1.0], [0.9975, 1.0], [0.9975, 1.0], [1.0, 1.0], [1.0, 0.9975], [0.9975, 1.0], [0.9975, 0.9925], [0.995, 0.9875], [0.9775, 0.99], [0.9925, 0.98], [0.9725, 0.9875], [0.9775, 0.9775], [0.945, 0.9525], [0.93, 0.9325], [0.945, 0.9375], [0.92, 0.885], [0.8025, 0.9], [0.715, 0.8325], [0.7425, 0.7125], [0.7525, 0.6875], [0.6125, 0.5725], [0.61, 0.675], [0.5275, 0.53], [0.5125, 0.575], [0.545, 0.53], [0.5775, 0.5425], [0.6325, 0.5925], [0.5775, 0.585], [0.5225, 0.515], [0.5525, 0.5875], [0.555, 0.6825], [0.5975, 0.54], [0.615, 0.645], [0.555, 0.545], [0.5725, 0.5125], [0.5975, 0.5475], [0.5175, 0.5525], [0.535, 0.5775], [0.63, 0.54], [0.5025, 0.5325], [0.5575, 0.595], [0.59, 0.5675], [0.54, 0.545], [0.625, 0.6175], [0.575, 0.5075], [0.5425, 0.51], [0.5275, 0.5575], [0.59, 0.5425], [0.59, 0.53], [0.6675, 0.67], [0.62, 0.5825], [0.535, 0.5625], [0.5675, 0.5725], [0.635, 0.5525], [0.575, 0.615], [0.6125, 0.64]], "q": 1.0}