{"out_class_probs": [0.01, 0.02, 0.03, 0.04, 0.05, 0.06, 0.07, 0.08, 0.09, 0.1, 0.11, 0.12, 0.13, 0.14, 0.15, 0.16, 0.17, 0.18, 0.19, 0.2, 0.21, 0.22, 0.23, 0.24, 0.25, 0.26, 0.27, 0.28, 0.29, 0.3, 0.31, 0.32, 0.33, 0.34, 0.35000000000000003, 0.36, 0.37, 0.38, 0.39, 0.4, 0.41000000000000003, 0.42, 0.43, 0.44, 0.45, 0.46, 0.47000000000000003, 0.48, 0.49, 0.5, 0.51, 0.52, 0.53, 0.54, 0.55, 0.56, 0.5700000000000001, 0.58, 0.59, 0.6, 0.61, 0.62, 0.63, 0.64, 0.65, 0.66, 0.67, 0.68, 0.6900000000000001, 0.7000000000000001, 0.71, 0.72, 0.73, 0.74, 0.75, 0.76, 0.77, 0.78, 0.79, 0.8, 0.81, 0.8200000000000001, 0.8300000000000001, 0.84, 0.85, 0.86, 0.87, 0.88, 0.89, 0.9, 0.91, 0.92, 0.93, 0.9400000000000001, 0.9500000000000001, 0.96, 0.97, 0.98, 0.99, 1.0], "num_nodes": 400, "walk_length": 75, "in_class_prob": 0.6, "p": 1.0, "iterations": 1, "n_classes": 2, "bhamidi_scores_plot": [[1.0, 1.0], [1.0, 1.0], [1.0, 1.0], [1.0, 1.0], [1.0, 1.0], [1.0, 1.0], [1.0, 1.0], [1.0, 1.0], [1.0, 1.0], [1.0, 1.0], [1.0, 1.0], [1.0, 1.0], [1.0, 1.0], [1.0, 1.0], [1.0, 1.0], [1.0, 1.0], [1.0, 1.0], [1.0, 1.0], [1.0, 1.0], [1.0, 1.0], [1.0, 1.0], [1.0, 1.0], [1.0, 1.0], [1.0, 1.0], [1.0, 1.0], [1.0, 1.0], [1.0, 1.0], [1.0, 1.0], [1.0, 1.0], [1.0, 1.0], [1.0, 1.0], [1.0, 1.0], [1.0, 1.0], [1.0, 1.0], [1.0, 1.0], [1.0, 1.0], [1.0, 1.0], [1.0, 1.0], [0.99005, 0.99005], [1.0, 0.9950125], [0.9950125, 0.99005], [0.9950125, 0.9802], [0.9851125, 0.9465125], [0.95125, 0.9560125], [0.93245, 0.9186125], [0.89605, 0.89605], [0.81205, 0.86125], [0.7485125, 0.6568], [0.6922, 0.5098], [0.5946125, 0.5378125], [0.5722, 0.57605], [0.50405, 0.50845], [0.5018, 0.5210125], [0.5036125, 0.505], [0.50125, 0.5032], [0.5001125, 0.50245], [0.5018, 0.50125], [0.50005, 0.5072], [0.5003125, 0.5021125], [0.5000125, 0.50005], [0.50125, 0.5001125], [0.5010125, 0.5010125], [0.50125, 0.51125], [0.5000125, 0.5010125], [0.50405, 0.50245], [0.50045, 0.5015125], [0.5008, 0.5003125], [0.5010125, 0.5015125], [0.5001125, 0.50125], [0.5018, 0.5171125], [0.5006125, 0.5072], [0.5253125, 0.5036125], [0.5015125, 0.5001125], [0.5351125, 0.5003125], [0.50405, 0.5882], [0.5028125, 0.58405], [0.64045, 0.54205], [0.6035125, 0.7080125], [0.7485125, 0.71125], [0.7592, 0.7592], [0.82805, 0.7775125], [0.6770125, 0.8362], [0.7775125, 0.82], [0.89605, 0.8916125], [0.89605, 0.8160125], [0.8403125, 0.87845], [0.8741125, 0.8828125], [0.9186125, 0.91405], [0.8916125, 0.8486125], [0.87845, 0.905], [0.9186125, 0.8916125], [0.9095125, 0.905], [0.9371125, 0.9371125], [0.93245, 0.9232], [0.9371125, 0.9418], [0.9186125, 0.9371125], [0.9005125, 0.9232], [0.93245, 0.93245], [0.9465125, 0.93245], [0.9371125, 0.9656125]], "num_walks": 25, "purity_medians": [1.0, 1.0, 1.0, 1.0, 1.0, 1.0, 1.0, 1.0, 1.0, 1.0, 1.0, 1.0, 1.0, 1.0, 1.0, 1.0, 1.0, 1.0, 1.0, 1.0, 1.0, 1.0, 1.0, 1.0, 1.0, 1.0, 1.0, 1.0, 1.0, 1.0, 1.0, 1.0, 1.0, 1.0, 1.0, 1.0, 1.0, 1.0, 0.995, 0.99875, 0.9962500000000001, 0.99375, 0.9825, 0.9762500000000001, 0.9612499999999999, 0.945, 0.91, 0.81625, 0.7375, 0.6775, 0.6924999999999999, 0.58, 0.6112500000000001, 0.5587500000000001, 0.5974999999999999, 0.6187499999999999, 0.5549999999999999, 0.63, 0.5625, 0.6487499999999999, 0.56375, 0.585, 0.5525, 0.5475, 0.54, 0.67125, 0.61625, 0.5900000000000001, 0.5587500000000001, 0.6487499999999999, 0.6112500000000001, 0.5975, 0.5525, 0.59, 0.6275, 0.62125, 0.7050000000000001, 0.775, 0.83875, 0.86, 0.88875, 0.85375, 0.88625, 0.94375, 0.9212499999999999, 0.9237500000000001, 0.935, 0.95625, 0.9299999999999999, 0.9425, 0.95, 0.9512499999999999, 0.9675, 0.9624999999999999, 0.96875, 0.9625, 0.95375, 0.965, 0.96875, 0.9750000000000001], "bhamidi_medians": [1.0, 1.0, 1.0, 1.0, 1.0, 1.0, 1.0, 1.0, 1.0, 1.0, 1.0, 1.0, 1.0, 1.0, 1.0, 1.0, 1.0, 1.0, 1.0, 1.0, 1.0, 1.0, 1.0, 1.0, 1.0, 1.0, 1.0, 1.0, 1.0, 1.0, 1.0, 1.0, 1.0, 1.0, 1.0, 1.0, 1.0, 1.0, 0.99005, 0.99750625, 0.99253125, 0.98760625, 0.9658125, 0.95363125, 0.92553125, 0.89605, 0.83665, 0.70265625, 0.601, 0.5662125, 0.574125, 0.50625, 0.5114062500000001, 0.50430625, 0.5022249999999999, 0.5012812499999999, 0.501525, 0.503625, 0.5012125000000001, 0.5000312499999999, 0.50068125, 0.5010125, 0.50625, 0.5005124999999999, 0.50325, 0.5009812499999999, 0.50055625, 0.5012624999999999, 0.50068125, 0.5094562499999999, 0.50390625, 0.5144625, 0.5008125, 0.5177125, 0.546125, 0.54343125, 0.59125, 0.6557625, 0.72988125, 0.7592, 0.80278125, 0.75660625, 0.7987562500000001, 0.8938312500000001, 0.85603125, 0.85938125, 0.8784624999999999, 0.91633125, 0.8701125000000001, 0.891725, 0.9051125, 0.90725625, 0.9371125, 0.927825, 0.93945625, 0.9278625, 0.91185625, 0.93245, 0.93948125, 0.9513625], "purity_scores_plot": [[1.0, 1.0], [1.0, 1.0], [1.0, 1.0], [1.0, 1.0], [1.0, 1.0], [1.0, 1.0], [1.0, 1.0], [1.0, 1.0], [1.0, 1.0], [1.0, 1.0], [1.0, 1.0], [1.0, 1.0], [1.0, 1.0], [1.0, 1.0], [1.0, 1.0], [1.0, 1.0], [1.0, 1.0], [1.0, 1.0], [1.0, 1.0], [1.0, 1.0], [1.0, 1.0], [1.0, 1.0], [1.0, 1.0], [1.0, 1.0], [1.0, 1.0], [1.0, 1.0], [1.0, 1.0], [1.0, 1.0], [1.0, 1.0], [1.0, 1.0], [1.0, 1.0], [1.0, 1.0], [1.0, 1.0], [1.0, 1.0], [1.0, 1.0], [1.0, 1.0], [1.0, 1.0], [1.0, 1.0], [0.995, 0.995], [1.0, 0.9975], [0.9975, 0.995], [0.9975, 0.99], [0.9925, 0.9725], [0.975, 0.9775], [0.965, 0.9575], [0.945, 0.945], [0.895, 0.925], [0.8525, 0.78], [0.81, 0.665], [0.7175, 0.6375], [0.69, 0.695], [0.59, 0.57], [0.62, 0.6025], [0.5575, 0.56], [0.61, 0.585], [0.6625, 0.575], [0.53, 0.58], [0.665, 0.595], [0.5675, 0.5575], [0.6575, 0.64], [0.56, 0.5675], [0.6175, 0.5525], [0.53, 0.575], [0.5725, 0.5225], [0.545, 0.535], [0.625, 0.7175], [0.645, 0.5875], [0.5575, 0.6225], [0.5725, 0.545], [0.705, 0.5925], [0.5975, 0.625], [0.6125, 0.5825], [0.5875, 0.5175], [0.6325, 0.5475], [0.545, 0.71], [0.5375, 0.705], [0.765, 0.645], [0.7275, 0.8225], [0.8525, 0.825], [0.86, 0.86], [0.905, 0.8725], [0.7975, 0.91], [0.8725, 0.9], [0.945, 0.9425], [0.945, 0.8975], [0.9125, 0.935], [0.9325, 0.9375], [0.9575, 0.955], [0.9425, 0.9175], [0.935, 0.95], [0.9575, 0.9425], [0.9525, 0.95], [0.9675, 0.9675], [0.965, 0.96], [0.9675, 0.97], [0.9575, 0.9675], [0.9475, 0.96], [0.965, 0.965], [0.9725, 0.965], [0.9675, 0.9825]], "q": 1.0}