{"out_class_probs": [0.01, 0.02, 0.03, 0.04, 0.05, 0.06, 0.07, 0.08, 0.09, 0.1, 0.11, 0.12, 0.13, 0.14, 0.15, 0.16, 0.17, 0.18, 0.19, 0.2, 0.21, 0.22, 0.23, 0.24, 0.25, 0.26, 0.27, 0.28, 0.29, 0.3, 0.31, 0.32, 0.33, 0.34, 0.35000000000000003, 0.36, 0.37, 0.38, 0.39, 0.4, 0.41000000000000003, 0.42, 0.43, 0.44, 0.45, 0.46, 0.47000000000000003, 0.48, 0.49, 0.5, 0.51, 0.52, 0.53, 0.54, 0.55, 0.56, 0.5700000000000001, 0.58, 0.59, 0.6, 0.61, 0.62, 0.63, 0.64, 0.65, 0.66, 0.67, 0.68, 0.6900000000000001, 0.7000000000000001, 0.71, 0.72, 0.73, 0.74, 0.75, 0.76, 0.77, 0.78, 0.79, 0.8, 0.81, 0.8200000000000001, 0.8300000000000001, 0.84, 0.85, 0.86, 0.87, 0.88, 0.89, 0.9, 0.91, 0.92, 0.93, 0.9400000000000001, 0.9500000000000001, 0.96, 0.97, 0.98, 0.99, 1.0], "num_nodes": 400, "walk_length": 75, "in_class_prob": 0.4, "p": 1.0, "iterations": 1, "n_classes": 2, "bhamidi_scores_plot": [[1.0, 1.0], [1.0, 1.0], [1.0, 1.0], [1.0, 1.0], [1.0, 1.0], [1.0, 1.0], [1.0, 1.0], [1.0, 1.0], [1.0, 1.0], [1.0, 1.0], [1.0, 1.0], [1.0, 1.0], [1.0, 1.0], [1.0, 1.0], [1.0, 1.0], [1.0, 1.0], [1.0, 1.0], [1.0, 1.0], [1.0, 1.0], [1.0, 1.0], [1.0, 1.0], [1.0, 1.0], [1.0, 1.0], [1.0, 1.0], [0.9950125, 1.0], [0.9950125, 1.0], [0.9753125, 0.9950125], [0.9753125, 0.9465125], [0.97045, 0.9656125], [0.8872, 0.9232], [0.79645, 0.82], [0.69845, 0.68], [0.5780125, 0.6770125], [0.5903125, 0.5001125], [0.5008, 0.5018], [0.5162, 0.5008], [0.50845, 0.5000125], [0.5036125, 0.50045], [0.5000125, 0.50125], [0.50125, 0.5000125], [0.5000125, 0.5003125], [0.5, 0.5001125], [0.5008, 0.5018], [0.5006125, 0.5003125], [0.5006125, 0.5000125], [0.5008, 0.5078125], [0.5045125, 0.505], [0.5002, 0.5015125], [0.5001125, 0.56125], [0.5028125, 0.5242], [0.5780125, 0.5105125], [0.5722, 0.7080125], [0.7850125, 0.6035125], [0.8916125, 0.9005125], [0.905, 0.89605], [0.95125, 0.9656125], [0.9851125, 0.9656125], [0.9851125, 0.9753125], [0.9802, 0.97045], [0.99005, 0.9950125], [1.0, 0.9851125], [0.99005, 0.9950125], [0.99005, 0.99005], [0.9851125, 0.9950125], [1.0, 1.0], [1.0, 0.9950125], [1.0, 1.0], [1.0, 1.0], [1.0, 0.9950125], [0.9950125, 1.0], [1.0, 1.0], [1.0, 1.0], [1.0, 1.0], [1.0, 1.0], [1.0, 1.0], [0.9950125, 1.0], [1.0, 1.0], [1.0, 1.0], [1.0, 1.0], [0.9950125, 1.0], [1.0, 1.0], [1.0, 1.0], [1.0, 1.0], [1.0, 1.0], [1.0, 1.0], [1.0, 1.0], [1.0, 1.0], [1.0, 1.0], [1.0, 1.0], [1.0, 1.0], [1.0, 1.0], [1.0, 1.0], [1.0, 1.0], [1.0, 1.0], [1.0, 1.0], [1.0, 1.0], [1.0, 1.0], [1.0, 1.0], [1.0, 1.0], [1.0, 1.0]], "num_walks": 25, "purity_medians": [1.0, 1.0, 1.0, 1.0, 1.0, 1.0, 1.0, 1.0, 1.0, 1.0, 1.0, 1.0, 1.0, 1.0, 1.0, 1.0, 1.0, 1.0, 1.0, 1.0, 1.0, 1.0, 1.0, 1.0, 0.99875, 0.99875, 0.9925, 0.98, 0.98375, 0.95, 0.8925000000000001, 0.8075, 0.7475, 0.64, 0.6375, 0.56, 0.64125, 0.55125, 0.56375, 0.6112500000000001, 0.5249999999999999, 0.66625, 0.6275, 0.53, 0.5325, 0.61375, 0.5787500000000001, 0.63625, 0.62625, 0.59375, 0.655, 0.75625, 0.8025, 0.9450000000000001, 0.9475, 0.97875, 0.9875, 0.99, 0.9875, 0.9962500000000001, 0.9962500000000001, 0.9962500000000001, 0.995, 0.9950000000000001, 1.0, 0.99875, 1.0, 1.0, 0.99875, 0.99875, 1.0, 1.0, 1.0, 1.0, 1.0, 0.99875, 1.0, 1.0, 1.0, 0.99875, 1.0, 1.0, 1.0, 1.0, 1.0, 1.0, 1.0, 1.0, 1.0, 1.0, 1.0, 1.0, 1.0, 1.0, 1.0, 1.0, 1.0, 1.0, 1.0, 1.0], "bhamidi_medians": [1.0, 1.0, 1.0, 1.0, 1.0, 1.0, 1.0, 1.0, 1.0, 1.0, 1.0, 1.0, 1.0, 1.0, 1.0, 1.0, 1.0, 1.0, 1.0, 1.0, 1.0, 1.0, 1.0, 1.0, 0.99750625, 0.99750625, 0.9851624999999999, 0.9609125000000001, 0.96803125, 0.9052, 0.808225, 0.689225, 0.6275125, 0.5452125, 0.5013000000000001, 0.5085, 0.5042312499999999, 0.5020312499999999, 0.50063125, 0.50063125, 0.5001625000000001, 0.50005625, 0.5013000000000001, 0.5004625, 0.5003124999999999, 0.50430625, 0.50475625, 0.50085625, 0.53068125, 0.51350625, 0.5442625000000001, 0.6401062500000001, 0.6942625, 0.8960625, 0.900525, 0.9584312500000001, 0.9753624999999999, 0.9802124999999999, 0.975325, 0.99253125, 0.99255625, 0.99253125, 0.99005, 0.9900625, 1.0, 0.99750625, 1.0, 1.0, 0.99750625, 0.99750625, 1.0, 1.0, 1.0, 1.0, 1.0, 0.99750625, 1.0, 1.0, 1.0, 0.99750625, 1.0, 1.0, 1.0, 1.0, 1.0, 1.0, 1.0, 1.0, 1.0, 1.0, 1.0, 1.0, 1.0, 1.0, 1.0, 1.0, 1.0, 1.0, 1.0, 1.0], "purity_scores_plot": [[1.0, 1.0], [1.0, 1.0], [1.0, 1.0], [1.0, 1.0], [1.0, 1.0], [1.0, 1.0], [1.0, 1.0], [1.0, 1.0], [1.0, 1.0], [1.0, 1.0], [1.0, 1.0], [1.0, 1.0], [1.0, 1.0], [1.0, 1.0], [1.0, 1.0], [1.0, 1.0], [1.0, 1.0], [1.0, 1.0], [1.0, 1.0], [1.0, 1.0], [1.0, 1.0], [1.0, 1.0], [1.0, 1.0], [1.0, 1.0], [0.9975, 1.0], [0.9975, 1.0], [0.9875, 0.9975], [0.9875, 0.9725], [0.985, 0.9825], [0.94, 0.96], [0.885, 0.9], [0.815, 0.8], [0.6975, 0.7975], [0.7125, 0.5675], [0.59, 0.685], [0.59, 0.53], [0.705, 0.5775], [0.5575, 0.545], [0.6025, 0.525], [0.56, 0.6625], [0.5125, 0.5375], [0.685, 0.6475], [0.545, 0.71], [0.5475, 0.5125], [0.5375, 0.5275], [0.6, 0.6275], [0.6075, 0.55], [0.685, 0.5875], [0.5775, 0.675], [0.5775, 0.61], [0.6975, 0.6125], [0.69, 0.8225], [0.8775, 0.7275], [0.9425, 0.9475], [0.95, 0.945], [0.975, 0.9825], [0.9925, 0.9825], [0.9925, 0.9875], [0.99, 0.985], [0.995, 0.9975], [1.0, 0.9925], [0.995, 0.9975], [0.995, 0.995], [0.9925, 0.9975], [1.0, 1.0], [1.0, 0.9975], [1.0, 1.0], [1.0, 1.0], [1.0, 0.9975], [0.9975, 1.0], [1.0, 1.0], [1.0, 1.0], [1.0, 1.0], [1.0, 1.0], [1.0, 1.0], [0.9975, 1.0], [1.0, 1.0], [1.0, 1.0], [1.0, 1.0], [0.9975, 1.0], [1.0, 1.0], [1.0, 1.0], [1.0, 1.0], [1.0, 1.0], [1.0, 1.0], [1.0, 1.0], [1.0, 1.0], [1.0, 1.0], [1.0, 1.0], [1.0, 1.0], [1.0, 1.0], [1.0, 1.0], [1.0, 1.0], [1.0, 1.0], [1.0, 1.0], [1.0, 1.0], [1.0, 1.0], [1.0, 1.0], [1.0, 1.0], [1.0, 1.0]], "q": 1.0}