{"iterations": 10, "p": 1.0, "num_walks": 25, "walk_length": 50, "in_class_prob": 0.8, "bhamidi_medians": [1.0, 1.0, 1.0, 1.0, 1.0, 1.0, 1.0, 1.0, 1.0, 1.0, 1.0, 1.0, 1.0, 1.0, 1.0, 1.0, 1.0, 1.0, 1.0, 1.0, 1.0, 1.0, 1.0, 1.0, 1.0, 1.0, 1.0, 1.0, 1.0, 1.0, 1.0, 1.0, 1.0, 1.0, 1.0, 1.0, 1.0, 1.0, 1.0, 1.0, 1.0, 1.0, 1.0, 1.0, 1.0, 0.99750625, 0.9851125, 0.9950125, 0.9851125, 0.97288125, 0.97775625, 0.96320625, 0.93948125, 0.93478125, 0.90275625, 0.874125, 0.8591312499999999, 0.82603125, 0.7738125, 0.721125, 0.6458125, 0.62885625, 0.63005, 0.51163125, 0.51170625, 0.5050125000000001, 0.501525, 0.5015624999999999, 0.5036125, 0.50165625, 0.5032, 0.50045, 0.50263125, 0.50145, 0.50038125, 0.5005, 0.5008125, 0.5008, 0.50113125, 0.50018125, 0.50125, 0.5008125, 0.50045625, 0.50093125, 0.50053125, 0.50045, 0.5005, 0.5003125, 0.5004625, 0.500625, 0.50073125, 0.50038125, 0.5015125, 0.5006125, 0.500625, 0.50165625, 0.5003125, 0.5006125, 0.50165625], "num_nodes": 400, "n_classes": 2, "purity_medians": [1.0, 1.0, 1.0, 1.0, 1.0, 1.0, 1.0, 1.0, 1.0, 1.0, 1.0, 1.0, 1.0, 1.0, 1.0, 1.0, 1.0, 1.0, 1.0, 1.0, 1.0, 1.0, 1.0, 1.0, 1.0, 1.0, 1.0, 1.0, 1.0, 1.0, 1.0, 1.0, 1.0, 1.0, 1.0, 1.0, 1.0, 1.0, 1.0, 1.0, 1.0, 1.0, 1.0, 1.0, 1.0, 0.99875, 0.9925, 0.9975, 0.9925, 0.9862500000000001, 0.98875, 0.98125, 0.96875, 0.96625, 0.94875, 0.9325000000000001, 0.9237500000000001, 0.90375, 0.8700000000000001, 0.8325, 0.77, 0.75375, 0.755, 0.585, 0.6012500000000001, 0.5549999999999999, 0.57375, 0.55375, 0.56375, 0.5675, 0.5575000000000001, 0.53, 0.57375, 0.57, 0.5900000000000001, 0.55125, 0.5775, 0.54375, 0.5525, 0.56375, 0.56125, 0.5800000000000001, 0.56375, 0.54625, 0.5425, 0.56375, 0.55, 0.55, 0.55125, 0.5549999999999999, 0.54375, 0.56375, 0.55375, 0.55375, 0.55875, 0.54125, 0.5900000000000001, 0.5525, 0.5587500000000001], "bhamidi_scores_plot": [[1.0, 1.0, 1.0, 1.0, 1.0, 1.0, 1.0, 1.0, 1.0, 1.0], [1.0, 1.0, 1.0, 1.0, 1.0, 1.0, 1.0, 1.0, 1.0, 1.0], [1.0, 1.0, 1.0, 1.0, 1.0, 1.0, 1.0, 1.0, 1.0, 1.0], [1.0, 1.0, 1.0, 1.0, 1.0, 1.0, 1.0, 1.0, 1.0, 1.0], [1.0, 1.0, 1.0, 1.0, 1.0, 1.0, 1.0, 1.0, 1.0, 1.0], [1.0, 1.0, 1.0, 1.0, 1.0, 1.0, 1.0, 1.0, 1.0, 1.0], [1.0, 1.0, 1.0, 1.0, 1.0, 1.0, 1.0, 1.0, 1.0, 1.0], [1.0, 1.0, 1.0, 1.0, 1.0, 1.0, 1.0, 1.0, 1.0, 1.0], [1.0, 1.0, 1.0, 1.0, 1.0, 1.0, 1.0, 1.0, 1.0, 1.0], [1.0, 1.0, 1.0, 1.0, 1.0, 1.0, 1.0, 1.0, 1.0, 1.0], [1.0, 1.0, 1.0, 1.0, 1.0, 1.0, 1.0, 1.0, 1.0, 1.0], [1.0, 1.0, 1.0, 1.0, 1.0, 1.0, 1.0, 1.0, 1.0, 1.0], [1.0, 1.0, 1.0, 1.0, 1.0, 1.0, 1.0, 1.0, 1.0, 1.0], [1.0, 1.0, 1.0, 1.0, 1.0, 1.0, 1.0, 1.0, 1.0, 1.0], [1.0, 1.0, 1.0, 1.0, 1.0, 1.0, 1.0, 1.0, 1.0, 1.0], [1.0, 1.0, 1.0, 1.0, 1.0, 1.0, 1.0, 1.0, 1.0, 1.0], [1.0, 1.0, 1.0, 1.0, 1.0, 1.0, 1.0, 1.0, 1.0, 1.0], [1.0, 1.0, 1.0, 1.0, 1.0, 1.0, 1.0, 1.0, 1.0, 1.0], [1.0, 1.0, 1.0, 1.0, 1.0, 1.0, 1.0, 1.0, 1.0, 1.0], [1.0, 1.0, 1.0, 1.0, 1.0, 1.0, 1.0, 1.0, 1.0, 1.0], [1.0, 1.0, 1.0, 1.0, 1.0, 1.0, 1.0, 1.0, 1.0, 1.0], [1.0, 1.0, 1.0, 1.0, 1.0, 1.0, 1.0, 1.0, 1.0, 1.0], [1.0, 1.0, 1.0, 1.0, 1.0, 1.0, 1.0, 1.0, 1.0, 1.0], [1.0, 1.0, 1.0, 1.0, 1.0, 1.0, 1.0, 1.0, 1.0, 1.0], [1.0, 1.0, 1.0, 1.0, 1.0, 1.0, 1.0, 1.0, 1.0, 1.0], [1.0, 1.0, 1.0, 1.0, 1.0, 1.0, 1.0, 1.0, 1.0, 1.0], [1.0, 1.0, 1.0, 1.0, 1.0, 1.0, 1.0, 1.0, 1.0, 1.0], [1.0, 1.0, 1.0, 1.0, 1.0, 1.0, 1.0, 1.0, 1.0, 1.0], [1.0, 1.0, 1.0, 1.0, 1.0, 1.0, 1.0, 1.0, 1.0, 1.0], [1.0, 1.0, 1.0, 1.0, 1.0, 1.0, 1.0, 1.0, 1.0, 1.0], [1.0, 1.0, 1.0, 1.0, 1.0, 1.0, 1.0, 1.0, 1.0, 1.0], [1.0, 1.0, 1.0, 1.0, 1.0, 1.0, 1.0, 1.0, 1.0, 1.0], [1.0, 1.0, 1.0, 1.0, 1.0, 1.0, 1.0, 1.0, 1.0, 1.0], [1.0, 1.0, 1.0, 1.0, 1.0, 1.0, 1.0, 1.0, 1.0, 1.0], [1.0, 1.0, 1.0, 1.0, 1.0, 1.0, 1.0, 1.0, 1.0, 1.0], [1.0, 1.0, 1.0, 1.0, 1.0, 1.0, 1.0, 1.0, 1.0, 1.0], [1.0, 1.0, 1.0, 1.0, 1.0, 1.0, 1.0, 1.0, 1.0, 0.9950125], [1.0, 1.0, 1.0, 1.0, 1.0, 1.0, 1.0, 1.0, 1.0, 1.0], [1.0, 1.0, 1.0, 1.0, 1.0, 1.0, 1.0, 1.0, 1.0, 1.0], [1.0, 1.0, 1.0, 1.0, 1.0, 1.0, 1.0, 1.0, 1.0, 1.0], [1.0, 1.0, 1.0, 1.0, 1.0, 1.0, 1.0, 1.0, 1.0, 1.0], [1.0, 1.0, 1.0, 1.0, 1.0, 1.0, 0.9950125, 1.0, 1.0, 1.0], [1.0, 1.0, 1.0, 0.9950125, 1.0, 0.9950125, 1.0, 0.9950125, 1.0, 1.0], [1.0, 1.0, 1.0, 1.0, 1.0, 0.9950125, 1.0, 0.9950125, 0.9950125, 1.0], [1.0, 1.0, 0.9950125, 1.0, 0.9851125, 1.0, 0.9950125, 1.0, 1.0, 1.0], [0.9950125, 0.9950125, 0.9950125, 0.9950125, 0.9950125, 1.0, 1.0, 1.0, 1.0, 1.0], [0.9802, 0.9851125, 1.0, 0.9851125, 0.9851125, 0.9802, 0.9950125, 0.9851125, 0.9950125, 0.9851125], [0.9950125, 1.0, 0.9950125, 1.0, 0.9950125, 0.9802, 0.9851125, 0.9851125, 0.9802, 1.0], [0.99005, 0.9802, 0.9802, 0.9950125, 0.9851125, 0.9851125, 0.9950125, 0.99005, 0.9851125, 0.9851125], [0.97045, 0.9560125, 0.97045, 0.99005, 0.9608, 0.97045, 0.99005, 0.9753125, 0.9851125, 0.9753125], [1.0, 0.9753125, 0.9608, 0.9802, 0.99005, 1.0, 0.9656125, 0.95125, 0.97045, 0.99005], [0.9608, 0.9465125, 0.9656125, 0.9418, 0.9802, 0.9560125, 0.9656125, 0.9753125, 0.9753125, 0.9465125], [0.93245, 0.9232, 0.9608, 0.9656125, 0.9656125, 0.9465125, 0.9278125, 0.9560125, 0.93245, 0.9232], [0.9465125, 0.9278125, 0.9371125, 0.8916125, 0.97045, 0.93245, 0.9186125, 0.9186125, 0.9371125, 0.9753125], [0.9186125, 0.9418, 0.9005125, 0.9232, 0.8916125, 0.93245, 0.89605, 0.89605, 0.89605, 0.905], [0.87845, 0.8872, 0.9418, 0.86125, 0.87845, 0.8655125, 0.8872, 0.8570125, 0.8570125, 0.8698], [0.8042, 0.8486125, 0.8698, 0.8160125, 0.8698, 0.86125, 0.82805, 0.8570125, 0.87845, 0.86125], [0.8362, 0.82805, 0.8570125, 0.8486125, 0.7775125, 0.8362, 0.7738, 0.7775125, 0.8240125, 0.8081125], [0.79645, 0.84445, 0.7178, 0.82805, 0.7211125, 0.7775125, 0.75205, 0.7701125, 0.6953125, 0.78125], [0.7701125, 0.7178, 0.6081125, 0.7628125, 0.7775125, 0.72445, 0.68, 0.6830125, 0.73805, 0.68], [0.6431125, 0.6830125, 0.61045, 0.6568, 0.5128, 0.68, 0.6485125, 0.6682, 0.62005, 0.6378125], [0.6225125, 0.7556125, 0.68605, 0.71125, 0.5882, 0.5120125, 0.6352, 0.55445, 0.55445, 0.6568], [0.63005, 0.63005, 0.6653125, 0.65125, 0.55445, 0.6711125, 0.51805, 0.5882, 0.5338, 0.6711125], [0.54805, 0.5351125, 0.5120125, 0.5036125, 0.5001125, 0.51125, 0.5378125, 0.5028125, 0.5861125, 0.5008], [0.505, 0.5722, 0.5036125, 0.52645, 0.5045125, 0.5098, 0.5136125, 0.6081125, 0.55445, 0.50605], [0.5045125, 0.5066125, 0.5032, 0.5171125, 0.50405, 0.50045, 0.5055125, 0.5231125, 0.5006125, 0.5496125], [0.5120125, 0.50045, 0.50005, 0.5153125, 0.5002, 0.50605, 0.5008, 0.5018, 0.50125, 0.58405], [0.5006125, 0.5120125, 0.5000125, 0.51125, 0.5028125, 0.50045, 0.505, 0.5010125, 0.5021125, 0.5000125], [0.5006125, 0.5036125, 0.5288, 0.5098, 0.5010125, 0.5105125, 0.5036125, 0.50045, 0.50005, 0.5162], [0.50045, 0.5001125, 0.5018, 0.50045, 0.5015125, 0.50405, 0.5002, 0.50845, 0.5055125, 0.5078125], [0.5032, 0.5032, 0.5072, 0.50045, 0.5091125, 0.5098, 0.50605, 0.5000125, 0.50245, 0.5003125], [0.5000125, 0.5002, 0.50005, 0.5010125, 0.50245, 0.5190125, 0.50045, 0.50045, 0.505, 0.5], [0.5010125, 0.5055125, 0.5036125, 0.5028125, 0.5010125, 0.5003125, 0.50245, 0.5000125, 0.51125, 0.5066125], [0.50405, 0.50245, 0.5000125, 0.50405, 0.5036125, 0.50045, 0.5, 0.5003125, 0.50005, 0.5045125], [0.5098, 0.5003125, 0.5000125, 0.5036125, 0.5066125, 0.5028125, 0.50045, 0.5003125, 0.5003125, 0.5000125], [0.5008, 0.5036125, 0.5000125, 0.5015125, 0.5001125, 0.50005, 0.5036125, 0.5032, 0.5002, 0.5002], [0.50005, 0.5021125, 0.5000125, 0.5002, 0.5006125, 0.5018, 0.5015125, 0.5010125, 0.50045, 0.50125], [0.5001125, 0.5008, 0.5000125, 0.5036125, 0.5008, 0.5000125, 0.5018, 0.5002, 0.51445, 0.5036125], [0.5000125, 0.5028125, 0.50125, 0.5010125, 0.5015125, 0.5006125, 0.5028125, 0.5010125, 0.5, 0.5091125], [0.5, 0.50125, 0.50005, 0.5000125, 0.5, 0.5028125, 0.5000125, 0.5003125, 0.5006125, 0.50605], [0.50125, 0.5008, 0.5000125, 0.5000125, 0.5032, 0.5028125, 0.50245, 0.5000125, 0.50125, 0.5015125], [0.5, 0.5006125, 0.50005, 0.50125, 0.5036125, 0.50045, 0.50005, 0.5010125, 0.5021125, 0.5010125], [0.50125, 0.5000125, 0.5015125, 0.5091125, 0.5008, 0.5, 0.5001125, 0.5010125, 0.5000125, 0.5], [0.5015125, 0.50125, 0.50005, 