{"agreement_scores_plot": [[0.51, 0.515], [0.5, 0.5475], [0.525, 0.52], [0.5425, 0.55], [0.5025, 0.515], [0.5025, 0.515], [0.5125, 0.505], [0.5, 0.505], [0.505, 0.51], [0.5125, 0.5025], [0.5175, 0.555], [0.515, 0.51], [0.5125, 0.5175], [0.53, 0.5025], [0.54, 0.5525], [0.54, 0.5225], [0.525, 0.53], [0.5075, 0.5025], [0.5425, 0.6], [0.5025, 0.5], [0.5175, 0.5325], [0.52, 0.525], [0.515, 0.5125], [0.515, 0.5175], [0.5025, 0.5325], [0.5075, 0.54], [0.5025, 0.505], [0.5125, 0.51], [0.5175, 0.5275], [0.535, 0.535], [0.5075, 0.5075], [0.535, 0.51], [0.5375, 0.5425], [0.505, 0.5175], [0.5025, 0.5375], [0.5075, 0.53], [0.5225, 0.52], [0.525, 0.565], [0.5075, 0.5075], [0.5, 0.51], [0.5275, 0.515], [0.5075, 0.5], [0.545, 0.51], [0.5075, 0.565], [0.5175, 0.5525], [0.52, 0.515], [0.5175, 0.515], [0.525, 0.515], [0.515, 0.5125], [0.505, 0.5025], [0.54, 0.5125], [0.505, 0.515], [0.5225, 0.5275], [0.54, 0.52], [0.5025, 0.52], [0.515, 0.5375], [0.515, 0.53], [0.5425, 0.5075], [0.5025, 0.5025], [0.5075, 0.51], [0.5025, 0.5025], [0.515, 0.5175], [0.5325, 0.54], [0.5075, 0.5175], [0.515, 0.5275], [0.5075, 0.5075], [0.515, 0.515], [0.5025, 0.5275], [0.51, 0.5025], [0.5025, 0.51], [0.51, 0.5075], [0.53, 0.54], [0.505, 0.5], [0.53, 0.51], [0.535, 0.535], [0.54, 0.5025], [0.5375, 0.5025], [0.51, 0.5725], [0.525, 0.5225], [0.5125, 0.5225], [0.53, 0.5525], [0.51, 0.5025], [0.515, 0.5325], [0.5325, 0.5425], [0.5025, 0.5125], [0.5, 0.5025], [0.53, 0.5125], [0.5025, 0.5225], [0.5225, 0.5325], [0.5125, 0.5025], [0.5175, 0.5275], [0.515, 0.505], [0.5175, 0.51], [0.5075, 0.5325], [0.5075, 0.5125], [0.5075, 0.5], [0.52, 0.5075], [0.5675, 0.505], [0.5325, 0.5075]], "recoverable_point": 0.66, "critical_point": 0.79, "num_walks": 75, "purity_scores_plot": null, "iterations": 1, "bhamidi_medians": null, "q": 1.0, "bhamidi_scores_plot": null, "epsilons": [0.01, 0.02, 0.03, 0.04, 0.05, 0.06, 0.07, 0.08, 0.09000000000000001, 0.1, 0.10999999999999999, 0.12, 0.13, 0.14, 0.15, 0.16, 0.17, 0.18000000000000002, 0.19, 0.2, 0.21000000000000002, 0.21999999999999997, 0.22999999999999998, 0.24, 0.25, 0.26, 0.27, 0.28, 0.29000000000000004, 0.3, 0.31, 0.32, 0.33, 0.34, 0.35000000000000003, 0.36000000000000004, 0.37, 0.38, 0.39, 0.4, 0.41000000000000003, 0.42000000000000004, 0.43000000000000005, 0.43999999999999995, 0.45, 0.45999999999999996, 0.47000000000000003, 0.48, 0.49000000000000005, 0.5, 0.51, 0.52, 0.53, 0.54, 0.55, 0.56, 0.5700000000000001, 0.5800000000000001, 0.5900000000000001, 0.6, 0.61, 0.62, 0.63, 0.64, 0.65, 0.66, 0.67, 0.68, 0.6900000000000001, 0.7000000000000001, 0.7100000000000001, 0.7200000000000001, 0.73, 0.74, 0.75, 0.76, 0.77, 0.78, 0.79, 0.8, 0.8099999999999999, 0.8200000000000001, 0.8300000000000001, 0.8400000000000001, 0.85, 0.8600000000000001, 0.8700000000000001, 0.8799999999999999, 0.89, 0.9, 0.9099999999999999, 0.9199999999999999, 0.93, 0.9400000000000001, 0.95, 0.96, 0.9700000000000001, 0.9800000000000001, 0.99], "in_class_prob": 0.8, "p": 1.0, "purity_medians": null, "num_nodes": 400, "agreement_medians": [0.5125, 0.5237499999999999, 0.5225, 0.54625, 0.50875, 0.50875, 0.50875, 0.5025, 0.5075000000000001, 0.5075, 0.53625, 0.5125, 0.5149999999999999, 0.51625, 0.54625, 0.53125, 0.5275000000000001, 0.5049999999999999, 0.57125, 0.50125, 0.5249999999999999, 0.5225, 0.5137499999999999, 0.51625, 0.5175, 0.5237499999999999, 0.5037499999999999, 0.51125, 0.5225, 0.535, 0.5075, 0.5225, 0.54, 0.51125, 0.52, 0.51875, 0.52125, 0.5449999999999999, 0.5075, 0.505, 0.52125, 0.5037499999999999, 0.5275000000000001, 0.5362499999999999, 0.5349999999999999, 0.5175000000000001, 0.51625, 0.52, 0.5137499999999999, 0.5037499999999999, 0.52625, 0.51, 0.5249999999999999, 0.53, 0.51125, 0.52625, 0.5225, 0.5249999999999999, 0.5025, 0.50875, 0.5025, 0.51625, 0.53625, 0.5125, 0.52125, 0.5075, 0.515, 0.5149999999999999, 0.50625, 0.50625, 0.50875, 0.535, 0.5025, 0.52, 0.535, 0.52125, 0.52, 0.54125, 0.5237499999999999, 0.5175, 0.54125, 0.50625, 0.5237499999999999, 0.5375, 0.5075, 0.50125, 0.52125, 0.5125, 0.5275, 0.5075, 0.5225, 0.51, 0.5137499999999999, 0.52, 0.51, 0.5037499999999999, 0.5137499999999999, 0.53625, 0.52], "n_classes": 2, "out_class_probs": [0.008, 0.016, 0.024, 0.032, 0.04, 0.048, 0.056, 0.064, 0.07200000000000001, 0.08, 0.088, 0.096, 0.10400000000000001, 0.112, 0.12, 0.128, 0.136, 0.14400000000000002, 0.152, 0.16, 0.168, 0.176, 0.184, 0.192, 0.2, 0.20800000000000002, 0.216, 0.224, 0.232, 0.24, 0.248, 0.256, 0.264, 0.272, 0.28, 0.28800000000000003, 0.296, 0.304, 0.312, 0.32, 0.328, 0.336, 0.34400000000000003, 0.352, 0.36, 0.368, 0.376, 0.384, 0.392, 0.4, 0.40800000000000003, 0.41600000000000004, 0.424, 0.432, 0.44, 0.448, 0.456, 0.464, 0.47200000000000003, 0.48, 0.488, 0.496, 0.504, 0.512, 0.52, 0.528, 0.536, 0.544, 0.552, 0.56, 0.5680000000000001, 0.5760000000000001, 0.584, 0.592, 0.6, 0.608, 0.616, 0.624, 0.632, 0.64, 0.648, 0.656, 0.664, 0.672, 0.68, 0.6880000000000001, 0.6960000000000001, 0.704, 0.712, 0.72, 0.728, 0.736, 0.744, 0.752, 0.76, 0.768, 0.776, 0.784, 0.792], "walk_length": 1}